;2008;2009;2010;2011;2012;2013;2014;2015;2016;2017;2018;2019;2020;2021;2022;2023;2024;LTM
"Дата отчета";02.06.2023;02.06.2023;02.06.2023;02.06.2023;02.06.2023;06.07.2018;06.07.2018;27.06.2018;27.06.2018;03.06.2023;27.04.2020;27.04.2020;20.04.2021;;27.04.2024;27.04.2024;30.04.2025;03.09.2025
"Валюта отчета";RUB;RUB;RUB;RUB;RUB;RUB;RUB;RUB;RUB;RUB;RUB;RUB;RUB;RUB;RUB;RUB;RUB;RUB
"Добыча коксующегося угля, млн т";;3.46;4.21;4.08;3.95;3.47;3.66;3.58;3.42;0.000;0.000;;;;;;;
"Экспортная цена на уголь, $/т";;65;;;;;;;;;;;;;;;;
"Добыча энерг. угля, млн т";;2.46;3.20;0.000;0.000;0.000;0.000;;;;;;;;;;;
"Реализация угля, млн т";2.95;2.48;;;;;;;;;;;;;;;;
"Выручка, млрд руб";27.9;14.3;20.6;23.1;17.6;13.8;12.2;12.4;4.73;0.286;0.006;0.006;0.006;;0.006;0.006;0.006;0.006
"Операционная прибыль, млрд руб";5.46;-0.060;4.30;2.87;;;;;;;;;;;;0.010;0.010;0.004
"EBITDA, млрд руб";4.71;1.73;;;;1.24;0.114;1.04;-1.23;;;;;;;;;
"Чистая прибыль, млрд руб";3.06;-1.32;2.51;1.83;0.000;-1.98;-1.04;-1.07;-0.410;0.088;0.068;0.076;0.084;;3.43;1.11;-2.04;-1.48
"CAPEX, млрд руб";;;;4.00;2.24;2.42;1.53;1.95;2.00;;;;;;;;;
"Див.выплата, млрд руб";0.195;;;;;;;;;;;;;;;;;
"Дивиденд, руб/акцию";1,332;;;;;;;;;;;;;;;;;
"Див доход, ао, %";;;;;;;;0.0%;0.0%;0.0%;0.0%;0.0%;0.0%;0.0%;0.0%;0.0%;0.0%;0.0%
"Дивиденды/прибыль, %";6%;0%;0%;0%;;0%;0%;0%;0%;0%;0%;0%;0%;;0%;0%;0%;0
"Опер. расходы, млрд руб";;;;;;;;;;;;;;;;0.004;0.004;
"Себестоимость, млрд руб";11.3;18.6;14.9;19.2;;10.2;10.3;10.4;13.4;;0.002;0.001;0.001;;;;;
"Расх на персонал, млрд руб";;;1.96;2.38;2.56;2.58;2.39;2.24;1.50;;;;;;;;;
"Процентные расходы, млрд руб";;;;;;;;0.752;0.126;;;;;;;;;
"Активы, млрд руб";20.9;20.4;19.0;17.6;17.0;17.1;10.5;9.26;8.26;7.74;7.80;7.87;7.95;8.00;12.5;13.7;11.8;11.7
"Чистые активы, млрд руб";8.39;5.50;8.01;9.82;11.2;9.19;8.15;7.74;7.63;7.72;7.79;7.87;7.95;8.00;12.1;13.2;11.1;11.1
"Долг, млрд руб";;;6.08;3.55;3.43;5.84;1.000;0.820;0.000;;;0.000;0.000;0.000;;;;
"Наличность, млрд руб";;;;;;0.007;0.001;0.000;0.000;;0.000;0.000;0.000;0.000;;;;
"Чистый долг, млрд руб";0.00;0.00;6.08;3.55;3.43;5.83;1.00;0.82;0.00;0.00;0.00;0.00;0.00;0.00;0.00;0.00;0.00;0
"Цена акции ао, руб";;;;;;;;4.00;4.88;2.70;2.73;4.00;5.25;11.4;10.1;28.3;15.1;12.8
"Число акций ао, млн";"1 150";"1 150";"1 150";"1 150";"1 150";"1 150";"1 150";"1 150";"1 150";"1 150";"1 150";"1 150";"1 150";"1 150";"1 150";"1 150";"1 150";"1 150"
"Free Float, %";;;;;;;;;;;;;4.70%;;;;;
"Капитализация, млрд руб";0.00;0.00;0.00;0.00;0.00;0.00;0.00;4.60;5.61;3.11;3.14;4.60;6.04;13.1;11.6;32.5;17.4;14.7
"EV, млрд руб";0.00;0.00;6.08;3.55;3.43;5.83;1.00;5.42;5.61;3.11;3.14;4.60;6.04;13.1;11.6;32.5;17.4;14.7
"Баланс стоимость, млрд руб";8.39;5.50;8.01;9.82;11.2;9.19;8.15;7.74;7.63;7.72;7.79;7.87;7.95;8.00;12.1;13.2;11.1;11.1
"EPS, руб";2.66;-1.15;2.18;1.59;0.00;-1.72;-0.90;-0.93;-0.36;0.08;0.06;0.07;0.07;0.00;2.98;0.97;-1.77;-1.29
"FCF/акцию, руб";0.00;0.00;0.00;0.00;0.00;0.00;0.00;0.00;0.00;0.00;0.00;0.00;0.00;0.00;0.00;0.00;0.00;0
"BV/акцию, руб";7.30;4.78;6.97;8.54;9.70;7.99;7.09;6.73;6.63;6.71;6.77;6.84;6.91;6.96;10.5;11.5;9.69;9.64
"Рентаб EBITDA, %";16.9%;12.1%;0.0%;0.0%;0.0%;9.0%;0.9%;8.4%;-26.0%;0.0%;0.0%;0.0%;0.0%;;0.0%;0.0%;0.0%;0
"Чистая рентаб, %";11.0%;-9.3%;12.2%;7.9%;0.0%;-14.3%;-8.6%;-8.6%;-8.7%;30.8%;"1 133.3%";"1 266.7%";"1 400.0%";;"57 166.7%";"17 903.2%";"-32 919.4%";"-23 838.7%"
"Доходность FCF, %";;;;;;;;0.0%;0.0%;0.0%;0.0%;0.0%;0.0%;0.0%;0.0%;0.0%;0.0%;0.0%
"ROE, %";36.5%;-24.0%;31.3%;18.6%;0.0%;-21.5%;-12.8%;-13.8%;-5.4%;1.1%;0.9%;1.0%;1.1%;0.0%;28.4%;8.4%;-18.3%;-13.3%
"ROA, %";14.6%;-6.5%;13.2%;10.4%;0.0%;-11.5%;-9.9%;-11.5%;-5.0%;1.1%;0.9%;1.0%;1.1%;0.0%;27.4%;8.1%;-17.4%;-12.7%
P/E;0.00;0.00;0.00;0.00;;0.00;0.00;-4.32;-13.7;35.3;46.2;60.5;71.9;;3.39;29.3;-8.50;-9.94
P/S;0.00;0.00;0.00;0.00;0.00;0.00;0.00;0.37;1.19;10.9;523.3;766.3;"1 007";;"1 941";"5 241";"2 799";"2 370"
P/BV;0.00;0.00;0.00;0.00;0.00;0.00;0.00;0.59;0.74;0.40;0.40;0.58;0.76;1.64;0.96;2.47;1.56;1.33
EV/EBITDA;0.00;0.00;;;;4.70;8.76;5.21;-4.57;;;;;;;;;
Долг/EBITDA;0.00;0.00;;;;4.70;8.76;0.79;0.00;;;;;;;;;
"Персонал, чел";;;"5 932";"5 582";"5 519";"4 933";"4 339";"3 497";"3 179";2;1;1;1;0;;;;
"Производительность труда, млн руб/чел/год";;;3.48;4.14;3.18;2.80;2.80;3.54;1.49;143.0;6.00;6.00;6.00;;;;;
"Расходы/чел/год, тыс.р";;;330.4;426.4;463.9;523.0;550.8;640.5;471.8;0.00;0.00;0.00;0.00;;;;;
"R&D/CAPEX, %";;;;0.00%;0.00%;0.00%;0.00%;0.00%;0.00%;;;;;;;;;
"CAPEX/Выручка, %";0%;0%;0%;17%;13%;18%;13%;16%;42%;0%;0%;0%;0%;;0%;0%;0%;0
