;2011;2012;2013;2014;2015;2016;2017;2018;2019;2020;2021;2022;2023;2024;2025;LTM
Дата отчета;;;;;;;;08.05.2022;12.08.2021;12.08.2021;26.04.2022;26.04.2023;26.04.2024;31.03.2025;17.04.2026;28.08.2025
Валюта отчета;RUB;RUB;RUB;RUB;RUB;RUB;RUB;RUB;RUB;RUB;RUB;RUB;RUB;RUB;RUB;RUB
Выручка, млрд руб;4.20;3.00;4.20;6.20;7.80;9.80;10.7;14.4;17.8;21.4;25.3;23.7;24.6;25.4;27.3;25.6
Операционная прибыль, млрд руб;;;;;;;;4.96;4.81;6.64;7.94;6.36;8.82;9.86;8.98;9.82
EBITDA, млрд руб;;;;;;;;6.00;6.00;8.02;10.1;8.07;10.6;11.5;11.2;11.5
Чистая прибыль, млрд руб;;;;;;;;3.90;4.50;6.83;6.11;3.27;9.49;10.4;10.7;11.4
Операционный денежный поток, млрд руб;;;;;;;;4.40;4.72;5.64;9.77;7.08;9.54;12.1;12.9;13.4
CAPEX, млрд руб;;;;;;;;1.77;4.10;3.30;1.41;1.29;1.51;0.770;1.13;0.767
FCF, млрд руб;;;;;;;;2.47;0.370;2.42;8.08;5.46;7.67;11.2;11.4;12.6
Див.выплата, млрд руб;;;;;;;;;;6.60;;;;;0.000;
Дивиденд, руб/акцию;;;;;;;;;;73,27;;;;;0;
Див доход, ао, %;;;;;;;;;0.0%;7.9%;0.0%;0.0%;0.0%;0.0%;0.0%;0.0%
Дивиденды/прибыль, %;;;;;;;;0%;0%;97%;0%;0%;0%;0%;0%;0
Опер. расходы, млрд руб;;;;;;;;1.30;1.42;1.51;2.27;1.72;1.77;1.75;2.40;1.80
Себестоимость, млрд руб;;;;;;;;8.14;11.6;13.1;15.1;15.6;14.0;13.8;15.9;14.0
Амортизация, млрд руб;;;;;;;;;;;;;;1.7;2.1;1.7
Расх на персонал, млрд руб;;;;;;;;;;1.06;5.48;5.01;5.17;5.41;8.77;6.01
Процентные расходы, млрд руб;;;;;;;;0.230;0.610;0.710;0.670;1.51;1.57;1.03;0.660;0.267
Активы, млрд руб;;;;;;;;18.1;22.5;28.5;28.6;33.0;34.2;38.8;61.6;42.5
Чистые активы, млрд руб;;;;;;;;6.38;5.10;10.5;7.31;10.8;18.4;28.0;35.8;33.2
Долг, млрд руб;;;;;;;;8.90;13.4;14.3;17.2;16.9;12.6;5.54;12.1;4.31
Наличность, млрд руб;;;;;;;;1.31;1.80;1.85;2.74;4.31;3.40;12.9;17.9;17.7
Чистый долг, млрд руб;0.00;0.00;0.00;0.00;0.00;0.00;0.00;7.59;11.6;12.5;14.5;12.5;9.20;-7.40;-5.75;-13.4
Цена акции ао, руб;;;;;;;;;926.6;926.6;1 003;308.3;791.7;757.1;843.6;901.7
Число акций ао, млн;90.0;90.0;90.0;90.0;90.0;90.0;90.0;90.0;90.0;90.0;90.0;90.0;90.0;90.0;90.0;90.0
Free Float, %;;;;;;;;;;;;;;27.0%;26.8%;26.8%
Капитализация, млрд руб;0.00;0.00;0.00;0.00;0.00;0.00;0.00;0.00;83.4;83.4;90.3;27.7;71.3;68.1;75.9;81.2
EV, млрд руб;0.00;0.00;0.00;0.00;0.00;0.00;0.00;7.59;95.0;95.9;104.7;40.3;80.5;60.7;70.2;67.7
Баланс стоимость, млрд руб;0.00;0.00;0.00;0.00;0.00;0.00;0.00;4.38;3.10;8.47;5.28;10.8;5.71;14.0;13.0;26.9
EPS, руб;0.00;0.00;0.00;0.00;0.00;0.00;0.00;43.3;50.0;75.9;67.9;36.3;105.4;115.2;118.7;127.1
FCF/акцию, руб;0.00;0.00;0.00;0.00;0.00;0.00;0.00;27.4;4.11;26.9;89.8;60.7;85.2;124.6;127.0;139.5
BV/акцию, руб;0.00;0.00;0.00;0.00;0.00;0.00;0.00;48.7;34.4;94.1;58.7;120.1;63.4;155.9;144.2;299.0
Рентаб EBITDA, %;0.0%;0.0%;0.0%;0.0%;0.0%;0.0%;0.0%;41.7%;33.7%;37.5%;40.0%;34.1%;42.9%;45.4%;40.9%;44.9%
Чистая рентаб, %;0.0%;0.0%;0.0%;0.0%;0.0%;0.0%;0.0%;27.1%;25.3%;32.0%;24.2%;13.8%;38.5%;40.9%;39.2%;44.7%
Доходность FCF, %;;;;;;;;;0.4%;2.9%;9.0%;19.7%;10.8%;16.5%;15.1%;15.5%
ROE, %;;;;;;;;61.1%;88.2%;65.0%;83.6%;30.2%;51.6%;37.1%;29.8%;34.4%
ROA, %;;;;;;;;21.5%;20.0%;23.9%;21.3%;9.9%;27.7%;26.7%;17.4%;26.9%
P/E;;;;;;;;0.00;18.5;12.2;14.8;8.49;7.51;6.57;7.11;7.09
P/FCF;;;;;;;;0.00;225.4;34.5;11.2;5.08;9.29;6.08;6.64;6.46
P/S;0.00;0.00;0.00;0.00;0.00;0.00;0.00;0.00;4.69;3.90;3.57;1.17;2.89;2.69;2.78;3.17
P/BV;;;;;;;;0.00;26.9;9.85;17.1;2.57;12.5;4.86;5.85;3.02
EV/EBITDA;;;;;;;;1.27;15.8;12.0;10.3;4.99;7.63;5.28;6.29;5.90
Долг/EBITDA;;;;;;;;1.27;1.94;1.56;1.43;1.55;0.87;-0.64;-0.52;-1.17
Персонал, чел;;;;;;;;;2 095;2 090;2 004;;1 569;1 492;3 244;1 805
Производительность труда, млн руб/чел/год;;;;;;;;;8.49;10.2;12.6;;15.7;17.0;8.41;14.2
Расходы/чел/год, тыс.р;;;;;;;;;0.00;507.2;2 735;;3 295;3 626;2 703;3 331
R&D/CAPEX, %;;;;;;;;0.00%;0.00%;0.00%;0.00%;0.00%;0.00%;0.00%;0.00%;0
CAPEX/Выручка, %;0%;0%;0%;0%;0%;0%;0%;12%;23%;15%;6%;5%;6%;3%;4%;3%
IR рейтинг;;;;;;;;;;;;;;2.0;2.0;2.0
Качество фин.отчетности;;;;;;;;;;;;;;3;3;3
Презентации для инвесторов;;;;;;;;;;;;;;1;1;1
Присутствие на смартлабе;;;;;;;;;;;;;;2;2;2
Годовой отчет;;;;;;;;;;;;;;1;;1
Сайт для инвесторов;;;;;;;;;;;;;;2;2;2
Календарь инвесторов;;;;;;;;;;;;;;1;1;1
Обратная связь;;;;;;;;;;;;;;4;4;4
Чистая прибыль н/с, млрд руб;;;;;;;;;;;;;;;6.25;
