;2010;2013;2014;2015;2016;2017;2018;2019;2020;2021;2022;2023;2024;2025;LTM
Дата отчета;;08.07.2018;08.07.2018;29.01.2020;24.04.2018;24.04.2018;29.04.2019;27.04.2020;23.03.2021;01.03.2022;03.03.2023;04.03.2024;06.03.2025;;20.08.2025
Валюта отчета;RUB;RUB;RUB;RUB;RUB;RUB;RUB;RUB;RUB;RUB;RUB;RUB;RUB;;RUB
Выручка, млрд руб;;39.5;40.4;40.5;40.1;39.7;39.6;39.7;41.2;41.1;42.6;43.6;44.8;;46.4
Операционная прибыль, млрд руб;;;;;10.9;9.21;13.2;17.5;14.3;15.6;15.1;15.7;15.6;;15.8
EBITDA, млрд руб;;20.2;21.1;21.4;21.4;17.9;23.6;26.8;23.6;24.5;24.1;23.8;24.0;;24.1
Чистая прибыль, млрд руб;;13.0;12.0;14.7;13.4;10.9;11.9;15.5;12.9;15.1;16.5;18.6;24.5;;26.7
Операционный денежный поток, млрд руб;;;;;20.9;19.3;19.5;17.3;19.5;12.2;19.4;18.9;16.6;;18.4
CAPEX, млрд руб;;;;8.60;7.17;6.51;6.06;7.77;7.61;5.05;5.70;9.54;6.94;;7.32
FCF, млрд руб;;;;;15.9;14.6;16.0;12.2;15.0;9.63;16.9;9.00;9.80;;11.3
Див.выплата, млрд руб;;;;;22.2;22.0;22.1;;;;;;;;
Дивиденд, руб/акцию;197,94;15,26;10,99;222;233;231;232;;;;;;;;
Див доход, ао, %;;;;46.3%;28.5%;17.0%;13.6%;0.0%;0.0%;0.0%;0.0%;0.0%;0.0%;;0
Дивиденд ап, руб/акцию;197,94;78,1;56,27;222;233;231;232;;;;;;;;
Див доход, ап, %;;;;41.1%;28.9%;18.2%;14.3%;0.0%;0.0%;0.0%;0.0%;0.0%;0.0%;;0
Дивиденды/прибыль, %;;0%;0%;0%;165%;202%;186%;0%;0%;0%;0%;0%;0%;;0
Опер. расходы, млрд руб;;;;;;;4.40;6.73;6.44;5.80;5.67;5.94;5.55;;5.59
Себестоимость, млрд руб;;11.0;12.9;13.2;13.4;14.0;22.1;12.1;13.7;16.2;17.0;17.0;17.1;;18.6
Амортизация, млрд руб;;;;;;;;;;;9.0;8.1;8.4;;8.3
Расх на персонал, млрд руб;;;;;9.40;10.4;9.06;8.98;8.28;9.19;9.36;9.50;9.50;;9.39
Процентные расходы, млрд руб;;;;;;;1.01;1.32;1.42;1.15;1.26;1.22;1.22;;1.31
Активы, млрд руб;;;;122.8;115.3;104.6;106.5;108.4;123.6;131.9;144.9;165.2;191.7;;202.5
Чистые активы, млрд руб;;74.0;86.4;107.1;99.5;88.2;80.1;71.6;84.7;99.7;116.1;135.3;158.8;;173.0
Долг, млрд руб;;0.000;0.000;0.000;0.000;0.113;1.33;1.49;1.26;1.42;0.000;0.000;0.000;;0.000
Наличность, млрд руб;;6.45;1.01;0.359;0.473;0.352;0.453;0.458;3.89;2.42;1.28;0.650;0.553;;0.663
Чистый долг, млрд руб;0.00;-6.45;-1.01;-0.36;-0.47;-0.24;0.87;1.03;-2.63;-1.00;-1.28;-0.65;-0.55;;-0.66
Цена акции ао, руб;;;;480.0;818.0;1 360;1 700;1 940;2 240;2 035;1 345;1 605;1 175;;1 202
Число акций ао, млн;79.8;79.8;79.8;79.8;79.8;79.8;79.8;79.8;79.8;79.8;79.8;79.8;79.8;;79.8
Цена акции ап, руб;;;;540.0;807.0;1 269;1 618;1 930;1 876;1 178;852.0;1 296;836.0;;806.0
Число акций ап, млн;15.5;15.5;15.5;15.5;15.5;15.5;15.5;15.5;15.5;15.5;15.5;15.5;15.5;;15.5
Капитализация, млрд руб;0.00;0.00;0.00;46.7;77.8;128.2;160.8;184.8;207.9;180.7;120.6;148.2;106.7;;108.4
EV, млрд руб;0.00;-6.45;-1.01;46.3;77.3;128.0;161.6;185.8;205.2;179.7;119.3;147.5;106.2;;107.8
Баланс стоимость, млрд руб;0.00;74.0;86.4;103.8;96.4;85.2;76.5;67.3;80.2;95.6;112.3;131.1;154.7;;169.3
EPS, руб;0.00;162.9;150.4;184.3;168.0;136.7;149.0;194.4;161.9;189.5;206.4;232.6;307.0;;334.3
FCF/акцию, руб;0.00;0.00;0.00;0.00;199.1;182.6;200.8;153.2;188.0;120.7;212.1;112.8;122.8;;141.8
BV/акцию, руб;0.00;926.8;1 082;1 301;1 208;1 067;958.1;843.5;1 005;1 198;1 408;1 643;1 939;;2 121
Рентаб EBITDA, %;;51.1%;52.1%;52.8%;53.2%;45.0%;59.5%;67.3%;57.3%;59.6%;56.5%;54.5%;53.6%;;52.0%
Чистая рентаб, %;;32.9%;29.7%;36.3%;33.4%;27.5%;30.0%;39.1%;31.4%;36.8%;38.6%;42.6%;54.7%;;57.5%
Доходность FCF, %;;;;0.0%;24.3%;13.4%;11.8%;7.9%;8.4%;5.9%;15.8%;7.0%;10.5%;;11.8%
ROE, %;;17.6%;13.9%;13.7%;13.5%;12.4%;14.8%;21.7%;15.3%;15.2%;14.2%;13.7%;15.4%;;15.4%
ROA, %;;;;12.0%;11.6%;10.4%;11.2%;14.3%;10.5%;11.5%;11.4%;11.2%;12.8%;;13.2%
P/E;;0.00;0.00;3.17;5.80;11.7;13.5;11.9;16.1;11.9;7.32;7.98;4.36;;4.06
P/FCF;;;;;4.90;8.80;10.0;15.1;13.9;18.8;7.12;16.5;10.9;;9.58
P/S;;0.00;0.00;1.15;1.94;3.23;4.06;4.65;5.05;4.39;2.83;3.40;2.38;;2.34
P/BV;;0.00;0.00;0.45;0.81;1.51;2.10;2.74;2.59;1.89;1.07;1.13;0.69;;0.64
EV/EBITDA;;-0.32;-0.05;2.17;3.62;7.15;6.86;6.94;8.70;7.33;4.95;6.21;4.42;;4.47
Долг/EBITDA;;-0.32;-0.05;-0.02;-0.02;-0.01;0.04;0.04;-0.11;-0.04;-0.05;-0.03;-0.02;;-0.03
R&D/CAPEX, %;;;;0.00%;0.00%;0.00%;0.00%;0.00%;0.00%;0.00%;0.00%;0.00%;0.00%;;0
CAPEX/Выручка, %;;0%;0%;21%;18%;16%;15%;20%;18%;12%;13%;22%;15%;;16%
Дата отчета, 01.03.2022;;;;;;;;;;;;;;06.03.2026;
Валюта отчета, RUB;;;;;;;;;;;;;;RUB;
Выручка , млрд руб, 41.1;;;;;;;;;;;;;;48.6;
Операционная прибыль , млрд руб, 15.6;;;;;;;;;;;;;;17.5;
EBITDA , млрд руб, 24.5;;;;;;;;;;;;;;25.7;
Чистая прибыль , млрд руб, 15.1;;;;;;;;;;;;;;28.7;
Опер.денежный поток , млрд руб, 12.2;;;;;;;;;;;;;;21.5;
CAPEX , млрд руб, 5.05;;;;;;;;;;;;;;6.36;
FCF , млрд руб, 9.63;;;;;;;;;;;;;;14.3;
Див доход, ао , %, 0.0%;;;;;;;;;;;;;;0;
Див доход, ап , %, 0.0%;;;;;;;;;;;;;;0;
Дивиденды/прибыль , %, 0%;;;;;;;;;;;;;;0;
Опер. расходы , млрд руб, 5.80;;;;;;;;;;;;;;6.21;
Себестоимость , млрд руб, 16.2;;;;;;;;;;;;;;18.9;
Амортизация , млрд руб, 9.0;;;;;;;;;;;;;;8.2;
Расх на персонал , млрд руб, 9.19;;;;;;;;;;;;;;9.08;
Процентные расходы , млрд руб, 1.15;;;;;;;;;;;;;;1.60;
Активы , млрд руб, 131.9;;;;;;;;;;;;;;227.5;
Чистые активы , млрд руб, 99.7;;;;;;;;;;;;;;192.1;
Долг , млрд руб, 1.42;;;;;;;;;;;;;;1.35;
Наличность , млрд руб, 2.42;;;;;;;;;;;;;;0.706;
Чистый долг , млрд руб, -1.00;;;;;;;;;;;;;;0.64;
Цена акции ао , руб, 2 035;;;;;;;;;;;;;;1 086;
Число акций ао , млн, 79.8;;;;;;;;;;;;;;79.7;
Цена акции ап , руб, 1 178;;;;;;;;;;;;;;744.0;
Число акций ап , млн, 15.5;;;;;;;;;;;;;;15.5;
Капитализация , млрд руб, 180.7;;;;;;;;;;;;;;98.1;
EV , млрд руб, 179.7;;;;;;;;;;;;;;98.8;
Баланс стоимость , млрд руб, 95.6;;;;;;;;;;;;;;188.1;
EPS , руб, 189.5;;;;;;;;;;;;;;360.6;
FCF/акцию , руб, 120.7;;;;;;;;;;;;;;179.9;
BV/акцию , руб, 1 198;;;;;;;;;;;;;;2 359;
Рентаб EBITDA , %, 59.6%;;;;;;;;;;;;;;52.9%;
Чистая рентаб , %, 36.8%;;;;;;;;;;;;;;59.2%;
Доходность FCF , %, 5.9%;;;;;;;;;;;;;;16.6%;
ROE , %, 15.2%;;;;;;;;;;;;;;15.0%;
ROA , %, 11.5%;;;;;;;;;;;;;;12.6%;
P/E, 11.9;;;;;;;;;;;;;;3.41;
P/FCF, 18.8;;;;;;;;;;;;;;6.84;
P/S, 4.39;;;;;;;;;;;;;;2.02;
P/BV, 1.89;;;;;;;;;;;;;;0.52;
EV/EBITDA, 7.33;;;;;;;;;;;;;;3.85;
Долг/EBITDA, -0.04;;;;;;;;;;;;;;0.03;
R&D/CAPEX , %, 0.00%;;;;;;;;;;;;;;0;
CAPEX/Выручка , %, 12%;;;;;;;;;;;;;;13%;
