;2010;2011;2012;2013;2014;2015;2016;2017;2018;2019;2020;2021;2022;2023;2024;2025;LTM
Дата отчета;;;;10.07.2018;10.07.2018;10.07.2018;28.04.2018;28.04.2018;29.04.2019;10.04.2020;16.04.2021;29.04.2022;28.04.2023;27.04.2024;29.04.2025;29.08.2025;29.08.2025
Валюта отчета;RUB;RUB;RUB;RUB;RUB;RUB;RUB;RUB;RUB;RUB;RUB;RUB;RUB;RUB;RUB;RUB;RUB
Выручка, млрд руб;;;;7.17;7.46;7.90;8.21;8.57;9.20;9.55;9.80;9.94;10.3;10.9;11.6;11.9;11.9
Операционная прибыль, млрд руб;;;;;;;;0.607;0.860;1.27;2.42;2.97;2.81;2.00;1.81;1.61;1.61
EBITDA, млрд руб;;;;2.49;0.362;2.24;2.51;2.38;2.54;2.91;3.93;4.30;4.17;3.54;3.31;3.11;3.11
Чистая прибыль, млрд руб;;;;0.596;-1.99;-0.262;0.155;0.205;0.402;0.810;1.86;2.49;2.64;2.62;2.24;2.13;2.13
Операционный денежный поток, млрд руб;;;;;;;;1.83;2.10;2.82;3.62;4.22;3.47;3.00;2.73;2.84;2.84
CAPEX, млрд руб;;;;;;;1.56;0.964;1.24;1.10;0.910;0.970;1.11;1.76;1.92;2.03;2.03
FCF, млрд руб;;;;;;;;0.600;0.900;1.61;2.64;3.30;2.58;1.59;1.57;1.78;1.78
Див.выплата, млрд руб;;;;;;;0.190;0.400;0.403;0.421;0.820;0.893;1.06;1.02;0.780;1.19;0.780
Дивиденд, руб/акцию;0,00944;0,01016;0,0106;0,0107;0,005;0,01136;0,0091;0,019222;0,01932;0,02021;0,0393;0,04285;0,05085;0,04887;0,03775;0.05725;0,03775
Див доход, ао, %;;;;;;8.1%;6.1%;13.3%;11.1%;8.8%;9.4%;7.4%;10.0%;4.9%;5.2%;8.5%;6.0%
Дивиденды/прибыль, %;;;;0%;0%;0%;123%;195%;100%;52%;44%;36%;40%;39%;35%;56%;37%
Опер. расходы, млрд руб;;;;6.24;6.75;7.13;7.49;7.96;8.34;8.29;7.38;6.97;7.52;8.92;9.81;10.3;10.3
Амортизация, млрд руб;;;;;;;;1.7;1.7;1.8;1.5;1.3;1.4;1.5;1.5;1.5;1.5
Расх на персонал, млрд руб;;;;;;;2.65;2.81;2.86;2.90;2.84;2.87;3.04;3.56;4.24;4.61;4.61
Процентные расходы, млрд руб;;;;;;;0.347;0.323;0.242;0.209;0.107;0.000;0.000;0.000;0.000;0.000;0.000
Активы, млрд руб;;;;;;;;;;12.8;12.1;14.5;15.9;16.4;17.5;17.7;17.7
Чистые активы, млрд руб;;;;8.35;6.17;5.59;5.93;5.92;5.92;6.30;7.76;9.44;11.2;12.7;13.9;14.2;14.2
Долг, млрд руб;;;;2.19;3.07;2.92;3.21;3.18;2.91;2.23;0.000;0.000;0.000;0.000;0.000;0.000;0.000
Наличность, млрд руб;;;;0.320;0.644;0.135;0.183;0.407;0.332;1.02;1.17;3.34;4.53;4.74;5.33;5.87;5.87
Чистый долг, млрд руб;0.00;0.00;0.00;1.87;2.43;2.79;3.03;2.77;2.58;1.22;-1.17;-3.34;-4.53;-4.74;-5.33;-5.87;-5.87
Цена акции ао, руб;;;;;;0.140;0.150;0.144;0.174;0.230;0.419;0.579;0.510;0.991;0.726;0.672;0.626
Число акций ао, млн;20 844;20 844;20 844;20 844;20 844;20 844;20 844;20 844;20 844;20 844;20 844;20 844;20 844;20 885;20 885;20 885;20 885
Капитализация, млрд руб;0.00;0.00;0.00;0.00;0.00;2.92;3.13;3.00;3.63;4.79;8.72;12.1;10.6;20.7;15.2;14.0;13.1
EV, млрд руб;0.00;0.00;0.00;1.87;2.43;5.70;6.15;5.77;6.21;6.01;7.55;8.73;6.09;16.0;9.83;8.16;7.20
Баланс стоимость, млрд руб;0.00;0.00;0.00;8.35;6.17;5.59;5.03;4.85;4.99;5.51;7.07;8.90;10.8;12.2;13.4;13.6;13.6
EPS, руб;0.00;0.00;0.00;0.03;-0.10;-0.01;0.01;0.01;0.02;0.04;0.09;0.12;0.13;0.13;0.11;0.10;0.10
FCF/акцию, руб;0.00;0.00;0.00;0.00;0.00;0.00;0.00;0.03;0.04;0.08;0.13;0.16;0.12;0.08;0.08;0.09;0.09
BV/акцию, руб;0.00;0.00;0.00;0.40;0.30;0.27;0.24;0.23;0.24;0.26;0.34;0.43;0.52;0.58;0.64;0.65;0.65
Рентаб EBITDA, %;;;;34.8%;4.8%;28.3%;30.6%;27.8%;27.6%;30.4%;40.1%;43.3%;40.4%;32.4%;28.5%;26.1%;26.1%
Чистая рентаб, %;;;;8.3%;-26.6%;-3.3%;1.9%;2.4%;4.4%;8.5%;19.0%;25.1%;25.6%;24.0%;19.3%;17.9%;17.9%
Доходность FCF, %;;;;;;0.0%;0.0%;20.0%;24.8%;33.6%;30.3%;27.3%;24.3%;7.7%;10.4%;12.7%;13.6%
ROE, %;;;;7.1%;-32.2%;-4.7%;2.6%;3.5%;6.8%;12.9%;24.0%;26.4%;23.5%;20.7%;16.1%;15.1%;15.1%
ROA, %;;;;;;;;;;6.3%;15.4%;17.2%;16.6%;16.0%;12.8%;12.0%;12.0%
P/E;;;;0.00;0.00;-11.1;20.2;14.6;9.03;5.92;4.69;4.85;4.02;7.90;6.77;6.58;6.13
P/FCF;;;;;;;;5.00;4.03;2.98;3.30;3.66;4.12;13.0;9.65;7.88;7.34
P/S;;;;0.00;0.00;0.37;0.38;0.35;0.39;0.50;0.89;1.21;1.03;1.90;1.31;1.18;1.10
P/BV;;;;0.00;0.00;0.52;0.62;0.62;0.73;0.87;1.23;1.36;0.98;1.70;1.13;1.03;0.96
EV/EBITDA;;;;0.75;6.70;2.55;2.45;2.42;2.45;2.07;1.92;2.03;1.46;4.51;2.97;2.62;2.31
Долг/EBITDA;;;;0.75;6.70;1.24;1.20;1.16;1.02;0.42;-0.30;-0.78;-1.09;-1.34;-1.61;-1.89;-1.89
Персонал, чел;;;;;;;;;;;4 307;3 944;3 870;3 618;3 441;;
Производительность труда, млн руб/чел/год;;;;;;;;;;;2.28;2.52;2.67;3.02;3.37;;
Расходы/чел/год, тыс.р;;;;;;;;;;;659.4;727.7;785.5;984.0;1 232;;
R&D/CAPEX, %;;;;;;;0.00%;0.00%;0.00%;0.00%;0.00%;0.00%;0.00%;0.00%;0.00%;0;0
CAPEX/Выручка, %;;;;0%;0%;0%;19%;11%;13%;12%;9%;10%;11%;16%;16%;17%;17%
